tkr	figi	sfigi
MPC UN Equity	BBG001QSXK51	BBG001S169P1
5020 JT Equity	BBG000QDR1G3	BBG001S3FBF3
NST AT Equity	BBG000C82PJ0	BBG001S50HF1
AAPL UW Equity	BBG000B9Y5X2	BBG001S5N8V8
ABT UN Equity	BBG000B9ZZG4	BBG001S5N9M6
ABX CT Equity	BBG000CZ63C2	BBG001S5N9P3
8001 JT Equity	BBG000B9WJN5	BBG001S5NB14
WPL AT Equity	BBG000B9XC77	BBG001S5NBN0
ADBE UW Equity	BBG000BB5BP5	BBG001S5NCQ5
