isin	mic	sfigi
US56585A1025	XNYS	BBG001S169P1
JP3386450005	XTKS	BBG001S3FBF3
AU000000NST8	XASX	BBG001S50HF1
US0378331005	XNGS	BBG001S5N8V8
US0028241000	XNYS	BBG001S5N9M6
CA0679011084	XTSE	BBG001S5N9P3
JP3143600009	XTKS	BBG001S5NB14
AU000000WPL2	XASX	BBG001S5NBN0
US00724F1012	XNGS	BBG001S5NCQ5
