isin	mic	figi	sfigi
US56585A1025	XNYS	BBG001QSXK51	BBG001S169P1
JP3386450005	XTKS	BBG000QDR1G3	BBG001S3FBF3
AU000000NST8	XASX	BBG000C82PJ0	BBG001S50HF1
US0378331005	XNGS	BBG000B9Y5X2	BBG001S5N8V8
US0028241000	XNYS	BBG000B9ZZG4	BBG001S5N9M6
CA0679011084	XTSE	BBG000CZ63C2	BBG001S5N9P3
JP3143600009	XTKS	BBG000B9WJN5	BBG001S5NB14
AU000000WPL2	XASX	BBG000B9XC77	BBG001S5NBN0
US00724F1012	XNGS	BBG000BB5BP5	BBG001S5NCQ5
